"0","# Filtrar datos para la provincia de Navarra (codigo_provincia = ""31"") y el a√±o 2008"
"0","navarra_2008 <- election_data_final |>"
"0","  filter(anno == 2008 & codigo_provincia == ""31"")"
"0",""
"0","# Formato columna 'cod_mun' en `navarra_2008` para que coincida con el formato de `cod_mun` en la tabla de municipios"
"0","navarra_2008 <- navarra_2008 |>"
"0","  mutate(cod_mun = paste(""13"", ""31"", codigo_municipio, sep = ""-""))"
"0",""
"0","# Realizar el join con `cod_mun` para obtener los nombres de los municipios"
"0","navarra_2008_join <- navarra_2008 |>"
"0","  left_join(cod_mun, by = ""cod_mun"")"
"0",""
"0","# Inspeccionar los resultados"
"0","print(head(navarra_2008_join))"
